Workbook
Name MATERIALS: #REF!
Name MATERIALS: #REF!

Sheet Variable Reference
A1: Worksheet | B1: Variable Name | C1: Units | D1: Description
A2: Main_Input | B2: #REF! | C2: N/A | D2: User defined configuration number label. Used to differentiate different designs or trade study variations in designs.
A3: Main_Input | B3: #REF! | C3: N/A | D3: Aircraft Type. Used for calculating empty weight fraction based on models from Raymer Table 6.1 & 6.2.
A4: Main_Input | B4: #REF! | C4: ft | D4: Design altitude. Utilized to find standard atmosphere properties in model via the atmos function. Value is typically left at sea level for conceptual design, but can be selected to represent the most prevalent or important mission altitude expected.
A5: Main_Input | B5: #REF! | C5: N/A | D5: Estimate of designed Mach. Used to calculate Reynolds number for model analysis of skin friction drag. Value should be selected to represent the most prevalent or important mission mach expected.
A6: Main_Input | B6: #REF! | C6: N/A | D6: Max mach for design.
A7: Main_Input | B7: #REF! | C7: ft | D7: Length of fuselage.
A8: Main_Input | B8: #REF! | C8: ft | D8: Maxium diameter of fuselage.
A9: Main_Input | B9: #REF! | C9: N/A | D9: Fuselage fineness ratio. Determined by dividing fuselage length by fuselage diameter.
A10: Main_Input | B10: #REF! | C10: ft^2 | D10: Maximum fuselage cross-section area.
A11: Main_Input | B11: #REF! | C11: ft^2 | D11: Fuselage base drag cross section area. Determined by finding the cross section in the aft portion of the fuselage where the departure angle of the fuselage contour is > 20 deg. If this never occurs, then this value is zero.
A12: Main_Input | B12: #REF! | C12: ft^2 | D12: Wetted area of fuselage equal to the total exposed surface area of the fuselage.
A13: Main_Input | B13: #REF! | C13: N/A | D13: Fuselage interference factor. Default value is 1.0. for basic streamlined tube fuselage. Can be > 1.0 if significant fuselage protrusions exist.
... A49: Main_Input | B49: #REF! | C49: N/A | D49: Vertical stabilizer #2 interference factor. Accounts for increase in drag due to the complex interaction of the air flow at the junction of the vertical stabilizer and fuselage. Typical values range from 1.1 (smoothly integrated/filleted) to 1.4 (poorly integrated / filleted integration).
A51: Airfoil_Data | B51: Config | C51: N/A | D51: User defined configuration number label. Must align with configuration name / row on Main_Input.
A52: Airfoil_Data | B52: Airfoil_w | C52: N/A | D52: Main wing airfoil name.
A53: Airfoil_Data | B53: Thick_w | C53: N/A | D53: Main wing airfoil thickness to chord ratio.
A54: Airfoil_Data | B54: X_thick_w | C54: N/A | D54: Main wing airfoil location of max thickness in percent chord.
A55: Airfoil_Data | B55: Cl_XXX | C55: N/A | D55: 2D airfoil coefficient of lift data from -5 deg AoA to 15 deg AoA (as denoted by value XXX after the Cl_)
A56: Airfoil_Data | B56: Cl_max | C56: N/A | D56: 2D airfoil maximum coefficient of lift
A57: Airfoil_Data | B57: Cd_XXX | C57: N/A | D57: 2D airfoil coefficient of drag data from -5 deg AoA to 15 deg AoA (as denoted by value XXX after the Cd_)
A58: Airfoil_Data | B58: Cd_min | C58: N/A | D58: Minimum value of airfoil coefficient of drag data.
A59: Airfoil_Data | B59: Airfoil_h1 | C59: N/A | D59: Horizontal stabilizer #1 airfoil name.
A60: Airfoil_Data | B60: Thick_h1 | C60: N/A | D60: Horizontal stabilizer #1 airfoil thickness to chord ratio.
A61: Airfoil_Data | B61: X_thick_h1 | C61: N/A | D61: Horizontal stabilizer #1 airfoil location of max thickness in percent chord.
A62: Airfoil_Data | B62: Airfoil_h2 | C62: N/A | D62: Horizontal stabilizer #2 airfoil name.
... A70: Airfoil_Data | B70: X_thick_v2 | C70: N/A | D70: Vertical stabilizer #2 airfoil location of max thickness in percent chord.
A72: Propulsion | B72: #REF! | C72: N/A | D72: User defined configuration number label. Must align with configuration name / row on Main_Input.
A73: Propulsion | B73: #REF! | C73: N/A | D73: Type of propulsion utilized. Pull down menu w/ limited options: PROP_Fuel, PROP_Electric, JET_HBP_Turbofan,JET_LBP_Turbofan
A74: Propulsion | B74: #REF! | C74: N/A | D74: Number of engines / propulsion systems on aircraft.
A75: Propulsion | B75: #REF! | C75: lb | D75: Static sea level uninstalled thrust without afterburner for a jet engine. If using a prop driven aircraft, set to zero.
A76: Propulsion | B76: #REF! | C76: (lb/hr/lb) | D76: Thrust specific fuel consupmtion without afterburner for a jet engine. If using a prop driven aircraft, set to zero.
A77: Propulsion | B77: #REF! | C77: lb | D77: Static sea level uninstalled thrust with afterburner for a jet engine. If using a prop driven aircraft or jet engine without afterburner, set to zero.
A78: Propulsion | B78: #REF! | C78: (lb/hr/lb) | D78: Thrust specific fuel consupmtion with afterburner for a jet engine. If using a prop driven aircraft or a jet engine without afterburner, set to zero.
A79: Propulsion | B79: #REF! | C79: N/A | D79: Installation losses for a jet engine. Typically 20% = 0.2.
A80: Propulsion | B80: #REF! | C80: hp | D80: Shaft or brake horsepower of engine driving a prop at sea level. If using a jet engine, set to zero.
A81: Propulsion | B81: #REF! | C81: (lb/hr/hp) | D81: Specific Fuel Consumption for prop engine. If using a jet engine, set to zero.
A82: Propulsion | B82: #REF! | C82: N/A | D82: Propellor efficiency.

Sheet Main_Input
A1: Config | B1: ACType | C1: altitude_o | D1: M_o | E1: M_max | F1: Length_f | G1: Dia_f | H1: Fine_f | I1: Amax_f | J1: Abase_f | K1: Swet_f | L1: Q_f | M1: EWD | N1: Sref_w | O1: Swet_w | P1: AR_w | Q1: Taper_w | R1: Sweep_w | S1: QuarterSweep_w | T1: Q_w | U1: Sref-h1 | V1: Swet_h1 | W1: AR_h1 | X1: Taper_h1 | Y1: Sweep_h1 | Z1: MAC_h1 | AA1: Q_h1 | AB1: Sref-h2 | AC1: Swet_h2 | AD1: AR_h2 | AE1: Taper_h2 | AF1: Sweep_h2 | AG1: MAC_h2 | AH1: Q_h2 | AI1: Sref-v1 | AJ1: Swet_v1 | AK1: AR_v1 | AL1: Taper_v1 | AM1: Sweep_v1 | AN1: MAC_v1 | AO1: Q_v1 | AP1: Sref-v2 | AQ1: Swet_v2 | AR1: AR_v2 | AS1: Taper_v2 | AT1: Sweep_v2 | AU1: MAC_v2 | AV1: Q_v2
A2: JetSubmersible_FW1.1 | B2: Jet_Fighter | C2: 0 | D2: 0.8 | E2: 1 | F2: =2*N2/((1+Q2)*(P2*N2)^(1/2)) -> 28.551826 | G2: 4 | H2: =F2/G2 -> 7.1379564 | I2: 14 | J2: 0 | K2: =G2*3.1415*F2/2 -> 179.39112 | L2: 1 | M2: 1 | N2: 650 | O2: =N2*2 -> 1300 | P2: 1.75 | Q2: 0.35 | R2: =ATAN(-TAN(0*3.1415/180)+(4*(1-Q2))/((1+Q2)*P2))*180/3.1415 -> 47.741433 | S2: =ATAN(TAN(R2*3.1415/180)+(Q2-1)/((1+Q2)*P2))*180/3.1415 -> 39.537323 | T2: 1.1 | U2: 0 | V2: 0 | W2: 0 | X2: 0 | Y2: 0 | Z2: 0 | AA2: 0 | AB2: 0 | AC2: 0 | AD2: 0 | AE2: 0 | AF2: 0 | AG2: 0 | AH2: 0 | AI2: =(2/3)*P2*N2*(1+Q2)*0.06 -> 61.425 | AJ2: =2*AI2 -> 122.85 | AK2: 1.8 | AL2: 0.4 | AM2: 20 | AN2: =(2/3)*((2*AI2)/((SQRT(AK2*AI2))*(1+AL2)))*(1+AL2+AL2^2)/(1+AL2) -> 6.1993134 | AO2: 1.1 | AP2: 0 | AQ2: 0 | AR2: 0 | AS2: 0 | AT2: 0 | AU2: 0 | AV2: 0
A3: JetSubmersible_FW1.2 | B3: Jet_Fighter | C3: 0 | D3: 0.8 | E3: 1 | F3: =2*N3/((1+Q3)*(P3*N3)^(1/2)) -> 27.431707 | G3: 4 | H3: =F3/G3 -> 6.8579267 | I3: 14 | J3: 0 | K3: =G3*3.1415*F3/2 -> 172.35341 | L3: 1 | M3: 1 | N3: 600 | O3: =N3*2 -> 1200 | P3: 1.75 | Q3: 0.35 | R3: =ATAN(-TAN(0*3.1415/180)+(4*(1-Q3))/((1+Q3)*P3))*180/3.1415 -> 47.741433 | S3: =ATAN(TAN(R3*3.1415/180)+(Q3-1)/((1+Q3)*P3))*180/3.1415 -> 39.537323 | T3: 1.1 | U3: 0 | V3: 0 | W3: 0 | X3: 0 | Y3: 0 | Z3: 0 | AA3: 0 | AB3: 0 | AC3: 0 | AD3: 0 | AE3: 0 | AF3: 0 | AG3: 0 | AH3: 0 | AI3: =(2/3)*P3*N3*(1+Q3)*0.06 -> 56.7 | AJ3: =2*AI3 -> 113.4 | AK3: 1.8 | AL3: 0.4 | AM3: 20 | AN3: =(2/3)*((2*AI3)/((SQRT(AK3*AI3))*(1+AL3)))*(1+AL3+AL3^2)/(1+AL3) -> 5.9561077 | AO3: 1.1 | AP3: 0 | AQ3: 0 | AR3: 0 | AS3: 0 | AT3: 0 | AU3: 0 | AV3: 0
A4: JetSubmersible_FW1.3 | B4: Jet_Fighter | C4: 0 | D4: 0.8 | E4: 1 | F4: =2*N4/((1+Q4)*(P4*N4)^(1/2)) -> 26.26386 | G4: 4 | H4: =F4/G4 -> 6.5659649 | I4: 14 | J4: 0 | K4: =G4*3.1415*F4/2 -> 165.01583 | L4: 1 | M4: 1 | N4: 550 | O4: =N4*2 -> 1100 | P4: 1.75 | Q4: 0.35 | R4: =ATAN(-TAN(0*3.1415/180)+(4*(1-Q4))/((1+Q4)*P4))*180/3.1415 -> 47.741433 | S4: =ATAN(TAN(R4*3.1415/180)+(Q4-1)/((1+Q4)*P4))*180/3.1415 -> 39.537323 | T4: 1.1 | U4: 0 | V4: 0 | W4: 0 | X4: 0 | Y4: 0 | Z4: 0 | AA4: 0 | AB4: 0 | AC4: 0 | AD4: 0 | AE4: 0 | AF4: 0 | AG4: 0 | AH4: 0 | AI4: =(2/3)*P4*N4*(1+Q4)*0.06 -> 51.975 | AJ4: =2*AI4 -> 103.95 | AK4: 1.8 | AL4: 0.4 | AM4: 20 | AN4: =(2/3)*((2*AI4)/((SQRT(AK4*AI4))*(1+AL4)))*(1+AL4+AL4^2)/(1+AL4) -> 5.7025389 | AO4: 1.1 | AP4: 0 | AQ4: 0 | AR4: 0 | AS4: 0 | AT4: 0 | AU4: 0 | AV4: 0
A5: JetSubmersible_FW1.4 | B5: Jet_Fighter | C5: 0 | D5: 0.8 | E5: 1 | F5: =2*N5/((1+Q5)*(P5*N5)^(1/2)) -> 25.041608 | G5: 4 | H5: =F5/G5 -> 6.2604019 | I5: 14 | J5: 0 | K5: =G5*3.1415*F5/2 -> 157.33642 | L5: 1 | M5: 1 | N5: 500 | O5: =N5*2 -> 1000 | P5: 1.75 | Q5: 0.35 | R5: =ATAN(-TAN(0*3.1415/180)+(4*(1-Q5))/((1+Q5)*P5))*180/3.1415 -> 47.741433 | S5: =ATAN(TAN(R5*3.1415/180)+(Q5-1)/((1+Q5)*P5))*180/3.1415 -> 39.537323 | T5: 1.1 | U5: 0 | V5: 0 | W5: 0 | X5: 0 | Y5: 0 | Z5: 0 | AA5: 0 | AB5: 0 | AC5: 0 | AD5: 0 | AE5: 0 | AF5: 0 | AG5: 0 | AH5: 0 | AI5: =(2/3)*P5*N5*(1+Q5)*0.06 -> 47.25 | AJ5: =2*AI5 -> 94.5 | AK5: 1.8 | AL5: 0.4 | AM5: 20 | AN5: =(2/3)*((2*AI5)/((SQRT(AK5*AI5))*(1+AL5)))*(1+AL5+AL5^2)/(1+AL5) -> 5.4371575 | AO5: 1.1 | AP5: 0 | AQ5: 0 | AR5: 0 | AS5: 0 | AT5: 0 | AU5: 0 | AV5: 0
A6: JetSubmersible_FW1.5 | B6: Jet_Fighter | C6: 0 | D6: 0.8 | E6: 1 | F6: =2*N6/((1+Q6)*(P6*N6)^(1/2)) -> 23.756555 | G6: 4 | H6: =F6/G6 -> 5.9391387 | I6: 14 | J6: 0 | K6: =G6*3.1415*F6/2 -> 149.26243 | L6: 1 | M6: 1 | N6: 450 | O6: =N6*2 -> 900 | P6: 1.75 | Q6: 0.35 | R6: =ATAN(-TAN(0*3.1415/180)+(4*(1-Q6))/((1+Q6)*P6))*180/3.1415 -> 47.741433 | S6: =ATAN(TAN(R6*3.1415/180)+(Q6-1)/((1+Q6)*P6))*180/3.1415 -> 39.537323 | T6: 1.1 | U6: 0 | V6: 0 | W6: 0 | X6: 0 | Y6: 0 | Z6: 0 | AA6: 0 | AB6: 0 | AC6: 0 | AD6: 0 | AE6: 0 | AF6: 0 | AG6: 0 | AH6: 0 | AI6: =(2/3)*P6*N6*(1+Q6)*0.06 -> 42.525 | AJ6: =2*AI6 -> 85.05 | AK6: 1.8 | AL6: 0.4 | AM6: 20 | AN6: =(2/3)*((2*AI6)/((SQRT(AK6*AI6))*(1+AL6)))*(1+AL6+AL6^2)/(1+AL6) -> 5.1581406 | AO6: 1.1 | AP6: 0 | AQ6: 0 | AR6: 0 | AS6: 0 | AT6: 0 | AU6: 0 | AV6: 0
A7: JetSubmersible_FW2.1 | B7: Jet_Fighter | C7: 0 | D7: 0.8 | E7: 1 | F7: =2*N7/((1+Q7)*(P7*N7)^(1/2)) -> 26.707787 | G7: 4 | H7: =F7/G7 -> 6.6769468 | I7: 14 | J7: 0 | K7: =G7*3.1415*F7/2 -> 167.80503 | L7: 1 | M7: 1 | N7: 650 | O7: =N7*2 -> 1300 | P7: 2 | Q7: 0.35 | R7: =ATAN(-TAN(0*3.1415/180)+(4*(1-Q7))/((1+Q7)*P7))*180/3.1415 -> 43.920371 | S7: =ATAN(TAN(R7*3.1415/180)+(Q7-1)/((1+Q7)*P7))*180/3.1415 -> 35.83871 | T7: 1.1 | U7: 0 | V7: 0 | W7: 0 | X7: 0 | Y7: 0 | Z7: 0 | AA7: 0 | AB7: 0 | AC7: 0 | AD7: 0 | AE7: 0 | AF7: 0 | AG7: 0 | AH7: 0 | AI7: =(2/3)*P7*N7*(1+Q7)*0.06 -> 70.2 | AJ7: =2*AI7 -> 140.4 | AK7: 1.8 | AL7: 0.4 | AM7: 20 | AN7: =(2/3)*((2*AI7)/((SQRT(AK7*AI7))*(1+AL7)))*(1+AL7+AL7^2)/(1+AL7) -> 6.6273448 | AO7: 1.1 | AP7: 0 | AQ7: 0 | AR7: 0 | AS7: 0 | AT7: 0 | AU7: 0 | AV7: 0
A8: JetSubmersible_FW2.2 | B8: Jet_Fighter | C8: 0 | D8: 0.8 | E8: 1 | F8: =2*N8/((1+Q8)*(P8*N8)^(1/2)) -> 25.660012 | G8: 4 | H8: =F8/G8 -> 6.415003 | I8: 14 | J8: 0 | K8: =G8*3.1415*F8/2 -> 161.22186 | L8: 1 | M8: 1 | N8: 600 | O8: =N8*2 -> 1200 | P8: 2 | Q8: 0.35 | R8: =ATAN(-TAN(0*3.1415/180)+(4*(1-Q8))/((1+Q8)*P8))*180/3.1415 -> 43.920371 | S8: =ATAN(TAN(R8*3.1415/180)+(Q8-1)/((1+Q8)*P8))*180/3.1415 -> 35.83871 | T8: 1.1 | U8: 0 | V8: 0 | W8: 0 | X8: 0 | Y8: 0 | Z8: 0 | AA8: 0 | AB8: 0 | AC8: 0 | AD8: 0 | AE8: 0 | AF8: 0 | AG8: 0 | AH8: 0 | AI8: =(2/3)*P8*N8*(1+Q8)*0.06 -> 64.8 | AJ8: =2*AI8 -> 129.6 | AK8: 1.8 | AL8: 0.4 | AM8: 20 | AN8: =(2/3)*((2*AI8)/((SQRT(AK8*AI8))*(1+AL8)))*(1+AL8+AL8^2)/(1+AL8) -> 6.3673469 | AO8: 1.1 | AP8: 0 | AQ8: 0 | AR8: 0 | AS8: 0 | AT8: 0 | AU8: 0 | AV8: 0
A9: JetSubmersible_FW2.3 | B9: Jet_Fighter | C9: 0 | D9: 0.8 | E9: 1 | F9: =2*N9/((1+Q9)*(P9*N9)^(1/2)) -> 24.567591 | G9: 4 | H9: =F9/G9 -> 6.1418978 | I9: 14 | J9: 0 | K9: =G9*3.1415*F9/2 -> 154.35817 | L9: 1 | M9: 1 | N9: 550 | O9: =N9*2 -> 1100 | P9: 2 | Q9: 0.35 | R9: =ATAN(-TAN(0*3.1415/180)+(4*(1-Q9))/((1+Q9)*P9))*180/3.1415 -> 43.920371 | S9: =ATAN(TAN(R9*3.1415/180)+(Q9-1)/((1+Q9)*P9))*180/3.1415 -> 35.83871 | T9: 1.1 | U9: 0 | V9: 0 | W9: 0 | X9: 0 | Y9: 0 | Z9: 0 | AA9: 0 | AB9: 0 | AC9: 0 | AD9: 0 | AE9: 0 | AF9: 0 | AG9: 0 | AH9: 0 | AI9: =(2/3)*P9*N9*(1+Q9)*0.06 -> 59.4 | AJ9: =2*AI9 -> 118.8 | AK9: 1.8 | AL9: 0.4 | AM9: 20 | AN9: =(2/3)*((2*AI9)/((SQRT(AK9*AI9))*(1+AL9)))*(1+AL9+AL9^2)/(1+AL9) -> 6.0962706 | AO9: 1.1 | AP9: 0 | AQ9: 0 | AR9: 0 | AS9: 0 | AT9: 0 | AU9: 0 | AV9: 0
A10: JetSubmersible_FW2.4 | B10: Jet_Fighter | C10: 0 | D10: 0.8 | E10: 1 | F10: =2*N10/((1+Q10)*(P10*N10)^(1/2)) -> 23.424279 | G10: 4 | H10: =F10/G10 -> 5.8560697 | I10: 14 | J10: 0 | K10: =G10*3.1415*F10/2 -> 147.17474 | L10: 1 | M10: 1 | N10: 500 | O10: =N10*2 -> 1000 | P10: 2 | Q10: 0.35 | R10: =ATAN(-TAN(0*3.1415/180)+(4*(1-Q10))/((1+Q10)*P10))*180/3.1415 -> 43.920371 | S10: =ATAN(TAN(R10*3.1415/180)+(Q10-1)/((1+Q10)*P10))*180/3.1415 -> 35.83871 | T10: 1.1 | U10: 0 | V10: 0 | W10: 0 | X10: 0 | Y10: 0 | Z10: 0 | AA10: 0 | AB10: 0 | AC10: 0 | AD10: 0 | AE10: 0 | AF10: 0 | AG10: 0 | AH10: 0 | AI10: =(2/3)*P10*N10*(1+Q10)*0.06 -> 54 | AJ10: =2*AI10 -> 108 | AK10: 1.8 | AL10: 0.4 | AM10: 20 | AN10: =(2/3)*((2*AI10)/((SQRT(AK10*AI10))*(1+AL10)))*(1+AL10+AL10^2)/(1+AL10) -> 5.8125659 | AO10: 1.1 | AP10: 0 | AQ10: 0 | AR10: 0 | AS10: 0 | AT10: 0 | AU10: 0 | AV10: 0
A11: JetSubmersible_FW2.5 | B11: Jet_Fighter | C11: 0 | D11: 0.8 | E11: 1 | F11: =2*N11/((1+Q11)*(P11*N11)^(1/2)) -> 22.222222 | G11: 4 | H11: =F11/G11 -> 5.5555556 | I11: 14 | J11: 0 | K11: =G11*3.1415*F11/2 -> 139.62222 | L11: 1 | M11: 1 | N11: 450 | O11: =N11*2 -> 900 | P11: 2 | Q11: 0.35 | R11: =ATAN(-TAN(0*3.1415/180)+(4*(1-Q11))/((1+Q11)*P11))*180/3.1415 -> 43.920371 | S11: =ATAN(TAN(R11*3.1415/180)+(Q11-1)/((1+Q11)*P11))*180/3.1415 -> 35.83871 | T11: 1.1 | U11: 0 | V11: 0 | W11: 0 | X11: 0 | Y11: 0 | Z11: 0 | AA11: 0 | AB11: 0 | AC11: 0 | AD11: 0 | AE11: 0 | AF11: 0 | AG11: 0 | AH11: 0 | AI11: =(2/3)*P11*N11*(1+Q11)*0.06 -> 48.6 | AJ11: =2*AI11 -> 97.2 | AK11: 1.8 | AL11: 0.4 | AM11: 20 | AN11: =(2/3)*((2*AI11)/((SQRT(AK11*AI11))*(1+AL11)))*(1+AL11+AL11^2)/(1+AL11) -> 5.5142842 | AO11: 1.1 | AP11: 0 | AQ11: 0 | AR11: 0 | AS11: 0 | AT11: 0 | AU11: 0 | AV11: 0

Sheet Airfoil_Data
A1: Config | B1: Airfoil_w | C1: Thick_w | D1: X_thick_w | E1: Cl_neg5 | F1: Cl_neg4 | G1: Cl_neg3 | H1: Cl_neg2 | I1: Cl_neg1 | J1: Cl_0 | K1: Cl_1 | L1: Cl_2 | M1: Cl_3 | N1: Cl_4 | O1: Cl_5 | P1: Cl_6 | Q1: Cl_7 | R1: Cl_8 | S1: Cl_9 | T1: Cl_10 | U1: Cl_11 | V1: Cl_12 | W1: Cl_max | X1: Cd_neg5 | Y1: Cd_neg4 | Z1: Cd_neg3 | AA1: Cd_neg2 | AB1: Cd_neg1 | AC1: Cd_0 | AD1: Cd_1 | AE1: Cd_2 | AF1: Cd_3 | AG1: Cd_4 | AH1: Cd_5 | AI1: Cd_6 | AJ1: Cd_7 | AK1: Cd_8 | AL1: Cd_9 | AM1: Cd_10 | AN1: Cd_11 | AO1: Cd_12 | AP1: Cd_min | AQ1: Airfoil_h1 | AR1: Thick_h1 | AS1: X_thick_h1 | AT1: Airfoil_h2 | AU1: Thick_h2 | AV1: X_thick_h2 | AW1: Airfoil_v1 | AX1: Thick_v1 | AY1: X_thick_v1 | AZ1: Airfoil_v2 | BA1: Thick_v2 | BB1: X_thick_v2
A2: =Main_Input!A2 -> JetSubmersible_FW1.1 | B2: NACA24112 | C2: 0.12 | D2: 0.3 | E2: -0.4201 | F2: -0.3163 | G2: -0.2082 | H2: -0.099 | I2: 0.0103 | J2: 0.0984 | K2: 0.2044 | L2: 0.3148 | M2: 0.4474 | N2: 0.5846 | O2: 0.7204 | P2: 0.8557 | Q2: 0.9726 | R2: 1.0646 | S2: 1.1528 | T2: 1.235 | U2: 1.3119 | V2: 1.3852 | W2: 1.5014 | X2: 0.0101 | Y2: 0.00944 | Z2: 0.00913 | AA2: 0.00886 | AB2: 0.00854 | AC2: 0.00623 | AD2: 0.00636 | AE2: 0.00683 | AF2: 0.00733 | AG2: 0.00782 | AH2: 0.00826 | AI2: 0.00878 | AJ2: 0.00938 | AK2: 0.01013 | AL2: 0.01115 | AM2: 0.01269 | AN2: 0.01476 | AO2: 0.01725 | AP2: 0.00619 | AQ2: NACA0004 | AR2: 0.04 | AS2: 0.3 | AT2: 0 | AU2: 0 | AV2: 0 | AW2: NACA0004 | AX2: 0.04 | AY2: 0.3 | AZ2: 0 | BA2: 0 | BB2: 0
A3: =Main_Input!A3 -> JetSubmersible_FW1.2 | B3: NACA24112 | C3: 0.12 | D3: 0.3 | E3: -0.4201 | F3: -0.3163 | G3: -0.2082 | H3: -0.099 | I3: 0.0103 | J3: 0.0984 | K3: 0.2044 | L3: 0.3148 | M3: 0.4474 | N3: 0.5846 | O3: 0.7204 | P3: 0.8557 | Q3: 0.9726 | R3: 1.0646 | S3: 1.1528 | T3: 1.235 | U3: 1.3119 | V3: 1.3852 | W3: 1.5014 | X3: 0.0101 | Y3: 0.00944 | Z3: 0.00913 | AA3: 0.00886 | AB3: 0.00854 | AC3: 0.00623 | AD3: 0.00636 | AE3: 0.00683 | AF3: 0.00733 | AG3: 0.00782 | AH3: 0.00826 | AI3: 0.00878 | AJ3: 0.00938 | AK3: 0.01013 | AL3: 0.01115 | AM3: 0.01269 | AN3: 0.01476 | AO3: 0.01725 | AP3: 0.00619 | AQ3: NACA0004 | AR3: 0.04 | AS3: 0.3 | AT3: 0 | AU3: 0 | AV3: 0 | AW3: NACA0004 | AX3: 0.04 | AY3: 0.3 | AZ3: 0 | BA3: 0 | BB3: 0
A4: =Main_Input!A4 -> JetSubmersible_FW1.3 | B4: NACA24112 | C4: 0.12 | D4: 0.3 | E4: -0.4201 | F4: -0.3163 | G4: -0.2082 | H4: -0.099 | I4: 0.0103 | J4: 0.0984 | K4: 0.2044 | L4: 0.3148 | M4: 0.4474 | N4: 0.5846 | O4: 0.7204 | P4: 0.8557 | Q4: 0.9726 | R4: 1.0646 | S4: 1.1528 | T4: 1.235 | U4: 1.3119 | V4: 1.3852 | W4: 1.5014 | X4: 0.0101 | Y4: 0.00944 | Z4: 0.00913 | AA4: 0.00886 | AB4: 0.00854 | AC4: 0.00623 | AD4: 0.00636 | AE4: 0.00683 | AF4: 0.00733 | AG4: 0.00782 | AH4: 0.00826 | AI4: 0.00878 | AJ4: 0.00938 | AK4: 0.01013 | AL4: 0.01115 | AM4: 0.01269 | AN4: 0.01476 | AO4: 0.01725 | AP4: 0.00619 | AQ4: NACA0004 | AR4: 0.04 | AS4: 0.3 | AT4: 0 | AU4: 0 | AV4: 0 | AW4: NACA0004 | AX4: 0.04 | AY4: 0.3 | AZ4: 0 | BA4: 0 | BB4: 0
A5: =Main_Input!A5 -> JetSubmersible_FW1.4 | B5: NACA24112 | C5: 0.12 | D5: 0.3 | E5: -0.4201 | F5: -0.3163 | G5: -0.2082 | H5: -0.099 | I5: 0.0103 | J5: 0.0984 | K5: 0.2044 | L5: 0.3148 | M5: 0.4474 | N5: 0.5846 | O5: 0.7204 | P5: 0.8557 | Q5: 0.9726 | R5: 1.0646 | S5: 1.1528 | T5: 1.235 | U5: 1.3119 | V5: 1.3852 | W5: 1.5014 | X5: 0.0101 | Y5: 0.00944 | Z5: 0.00913 | AA5: 0.00886 | AB5: 0.00854 | AC5: 0.00623 | AD5: 0.00636 | AE5: 0.00683 | AF5: 0.00733 | AG5: 0.00782 | AH5: 0.00826 | AI5: 0.00878 | AJ5: 0.00938 | AK5: 0.01013 | AL5: 0.01115 | AM5: 0.01269 | AN5: 0.01476 | AO5: 0.01725 | AP5: 0.00619 | AQ5: NACA0004 | AR5: 0.04 | AS5: 0.3 | AT5: 0 | AU5: 0 | AV5: 0 | AW5: NACA0004 | AX5: 0.04 | AY5: 0.3 | AZ5: 0 | BA5: 0 | BB5: 0
A6: =Main_Input!A6 -> JetSubmersible_FW1.5 | B6: NACA24112 | C6: 0.12 | D6: 0.3 | E6: -0.4201 | F6: -0.3163 | G6: -0.2082 | H6: -0.099 | I6: 0.0103 | J6: 0.0984 | K6: 0.2044 | L6: 0.3148 | M6: 0.4474 | N6: 0.5846 | O6: 0.7204 | P6: 0.8557 | Q6: 0.9726 | R6: 1.0646 | S6: 1.1528 | T6: 1.235 | U6: 1.3119 | V6: 1.3852 | W6: 1.5014 | X6: 0.0101 | Y6: 0.00944 | Z6: 0.00913 | AA6: 0.00886 | AB6: 0.00854 | AC6: 0.00623 | AD6: 0.00636 | AE6: 0.00683 | AF6: 0.00733 | AG6: 0.00782 | AH6: 0.00826 | AI6: 0.00878 | AJ6: 0.00938 | AK6: 0.01013 | AL6: 0.01115 | AM6: 0.01269 | AN6: 0.01476 | AO6: 0.01725 | AP6: 0.00619 | AQ6: NACA0004 | AR6: 0.04 | AS6: 0.3 | AT6: 0 | AU6: 0 | AV6: 0 | AW6: NACA0004 | AX6: 0.04 | AY6: 0.3 | AZ6: 0 | BA6: 0 | BB6: 0
A7: =Main_Input!A7 -> JetSubmersible_FW2.1 | B7: NACA24112 | C7: 0.12 | D7: 0.3 | E7: -0.4201 | F7: -0.3163 | G7: -0.2082 | H7: -0.099 | I7: 0.0103 | J7: 0.0984 | K7: 0.2044 | L7: 0.3148 | M7: 0.4474 | N7: 0.5846 | O7: 0.7204 | P7: 0.8557 | Q7: 0.9726 | R7: 1.0646 | S7: 1.1528 | T7: 1.235 | U7: 1.3119 | V7: 1.3852 | W7: 1.5014 | X7: 0.0101 | Y7: 0.00944 | Z7: 0.00913 | AA7: 0.00886 | AB7: 0.00854 | AC7: 0.00623 | AD7: 0.00636 | AE7: 0.00683 | AF7: 0.00733 | AG7: 0.00782 | AH7: 0.00826 | AI7: 0.00878 | AJ7: 0.00938 | AK7: 0.01013 | AL7: 0.01115 | AM7: 0.01269 | AN7: 0.01476 | AO7: 0.01725 | AP7: 0.00619 | AQ7: NACA0004 | AR7: 0.04 | AS7: 0.3 | AT7: 0 | AU7: 0 | AV7: 0 | AW7: NACA0004 | AX7: 0.04 | AY7: 0.3 | AZ7: 0 | BA7: 0 | BB7: 0
A8: =Main_Input!A8 -> JetSubmersible_FW2.2 | B8: NACA24112 | C8: 0.12 | D8: 0.3 | E8: -0.4201 | F8: -0.3163 | G8: -0.2082 | H8: -0.099 | I8: 0.0103 | J8: 0.0984 | K8: 0.2044 | L8: 0.3148 | M8: 0.4474 | N8: 0.5846 | O8: 0.7204 | P8: 0.8557 | Q8: 0.9726 | R8: 1.0646 | S8: 1.1528 | T8: 1.235 | U8: 1.3119 | V8: 1.3852 | W8: 1.5014 | X8: 0.0101 | Y8: 0.00944 | Z8: 0.00913 | AA8: 0.00886 | AB8: 0.00854 | AC8: 0.00623 | AD8: 0.00636 | AE8: 0.00683 | AF8: 0.00733 | AG8: 0.00782 | AH8: 0.00826 | AI8: 0.00878 | AJ8: 0.00938 | AK8: 0.01013 | AL8: 0.01115 | AM8: 0.01269 | AN8: 0.01476 | AO8: 0.01725 | AP8: 0.00619 | AQ8: NACA0004 | AR8: 0.04 | AS8: 0.3 | AT8: 0 | AU8: 0 | AV8: 0 | AW8: NACA0004 | AX8: 0.04 | AY8: 0.3 | AZ8: 0 | BA8: 0 | BB8: 0
A9: =Main_Input!A9 -> JetSubmersible_FW2.3 | B9: NACA24112 | C9: 0.12 | D9: 0.3 | E9: -0.4201 | F9: -0.3163 | G9: -0.2082 | H9: -0.099 | I9: 0.0103 | J9: 0.0984 | K9: 0.2044 | L9: 0.3148 | M9: 0.4474 | N9: 0.5846 | O9: 0.7204 | P9: 0.8557 | Q9: 0.9726 | R9: 1.0646 | S9: 1.1528 | T9: 1.235 | U9: 1.3119 | V9: 1.3852 | W9: 1.5014 | X9: 0.0101 | Y9: 0.00944 | Z9: 0.00913 | AA9: 0.00886 | AB9: 0.00854 | AC9: 0.00623 | AD9: 0.00636 | AE9: 0.00683 | AF9: 0.00733 | AG9: 0.00782 | AH9: 0.00826 | AI9: 0.00878 | AJ9: 0.00938 | AK9: 0.01013 | AL9: 0.01115 | AM9: 0.01269 | AN9: 0.01476 | AO9: 0.01725 | AP9: 0.00619 | AQ9: NACA0004 | AR9: 0.04 | AS9: 0.3 | AT9: 0 | AU9: 0 | AV9: 0 | AW9: NACA0004 | AX9: 0.04 | AY9: 0.3 | AZ9: 0 | BA9: 0 | BB9: 0
A10: =Main_Input!A10 -> JetSubmersible_FW2.4 | B10: NACA24112 | C10: 0.12 | D10: 0.3 | E10: -0.4201 | F10: -0.3163 | G10: -0.2082 | H10: -0.099 | I10: 0.0103 | J10: 0.0984 | K10: 0.2044 | L10: 0.3148 | M10: 0.4474 | N10: 0.5846 | O10: 0.7204 | P10: 0.8557 | Q10: 0.9726 | R10: 1.0646 | S10: 1.1528 | T10: 1.235 | U10: 1.3119 | V10: 1.3852 | W10: 1.5014 | X10: 0.0101 | Y10: 0.00944 | Z10: 0.00913 | AA10: 0.00886 | AB10: 0.00854 | AC10: 0.00623 | AD10: 0.00636 | AE10: 0.00683 | AF10: 0.00733 | AG10: 0.00782 | AH10: 0.00826 | AI10: 0.00878 | AJ10: 0.00938 | AK10: 0.01013 | AL10: 0.01115 | AM10: 0.01269 | AN10: 0.01476 | AO10: 0.01725 | AP10: 0.00619 | AQ10: NACA0004 | AR10: 0.04 | AS10: 0.3 | AT10: 0 | AU10: 0 | AV10: 0 | AW10: NACA0004 | AX10: 0.04 | AY10: 0.3 | AZ10: 0 | BA10: 0 | BB10: 0
A11: =Main_Input!A11 -> JetSubmersible_FW2.5 | B11: NACA24112 | C11: 0.12 | D11: 0.3 | E11: -0.4201 | F11: -0.3163 | G11: -0.2082 | H11: -0.099 | I11: 0.0103 | J11: 0.0984 | K11: 0.2044 | L11: 0.3148 | M11: 0.4474 | N11: 0.5846 | O11: 0.7204 | P11: 0.8557 | Q11: 0.9726 | R11: 1.0646 | S11: 1.1528 | T11: 1.235 | U11: 1.3119 | V11: 1.3852 | W11: 1.5014 | X11: 0.0101 | Y11: 0.00944 | Z11: 0.00913 | AA11: 0.00886 | AB11: 0.00854 | AC11: 0.00623 | AD11: 0.00636 | AE11: 0.00683 | AF11: 0.00733 | AG11: 0.00782 | AH11: 0.00826 | AI11: 0.00878 | AJ11: 0.00938 | AK11: 0.01013 | AL11: 0.01115 | AM11: 0.01269 | AN11: 0.01476 | AO11: 0.01725 | AP11: 0.00619 | AQ11: NACA0004 | AR11: 0.04 | AS11: 0.3 | AT11: 0 | AU11: 0 | AV11: 0 | AW11: NACA0004 | AX11: 0.04 | AY11: 0.3 | AZ11: 0 | BA11: 0 | BB11: 0
B19: NACA2412 | C19: 0.12 | D19: 0.3 | E19: =-0.483 -> -0.483 | F19: =-0.3983 -> -0.3983 | G19: =-0.3108 -> -0.3108 | H19: -0.2485 | I19: -0.1244 | J19: -0.0589 | K19: 0.1375 | L19: 0.3025 | M19: 0.4528 | N19: 0.599 | O19: 0.7429 | P19: 0.8567 | Q19: 0.9598 | R19: 1.0252 | S19: 1.0969 | T19: 1.1591 | U19: 1.1391 | V19: 1.001 | W19: =1.1591 -> 1.1591 | X19: 0.0314 | Y19: 0.02669 | Z19: 0.02669 | AA19: 0.02133 | AB19: 0.02191 | AC19: 0.02406 | AD19: 0.0281 | AE19: 0.03099 | AF19: 0.03304 | AG19: 0.03375 | AH19: 0.03256 | AI19: 0.03159 | AJ19: 0.03027 | AK19: 0.03245 | AL19: 0.039795 | AM19: 0.04997 | AN19: 0.0651 | AO19: 0.09201 | AP19: 0.02133 | AQ19: NACA0004 | AR19: 0.04 | AS19: 0.3 | AT19: 0 | AU19: 0 | AV19: 0 | AW19: NACA0004 | AX19: 0.04 | AY19: 0.3 | AZ19: 0 | BA19: 0 | BB19: 0
B21: NACA24112 | C21: 0.12 | D21: 0.3 | E21: -0.4201 | F21: -0.3163 | G21: -0.2082 | H21: -0.099 | I21: 0.0103 | J21: 0.0984 | K21: 0.2044 | L21: 0.3148 | M21: 0.4474 | N21: 0.5846 | O21: 0.7204 | P21: 0.8557 | Q21: 0.9726 | R21: 1.0646 | S21: 1.1528 | T21: 1.235 | U21: 1.3119 | V21: 1.3852 | W21: 1.5014 | X21: 0.0101 | Y21: 0.00944 | Z21: 0.00913 | AA21: 0.00886 | AB21: 0.00854 | AC21: 0.00623 | AD21: 0.00636 | AE21: 0.00683 | AF21: 0.00733 | AG21: 0.00782 | AH21: 0.00826 | AI21: 0.00878 | AJ21: 0.00938 | AK21: 0.01013 | AL21: 0.01115 | AM21: 0.01269 | AN21: 0.01476 | AO21: 0.01725 | AP21: 0.00619 | AQ21: NACA0004 | AR21: 0.04 | AS21: 0.3 | AT21: 0 | AU21: 0 | AV21: 0 | AW21: NACA0004 | AX21: 0.04 | AY21: 0.3 | AZ21: 0 | BA21: 0 | BB21: 0

Sheet Propulsion
A1: Config | B1: PropType | C1: Number | D1: TA_mil_sl | E1: TSFC_mil_sl | F1: TA_AB_sl | G1: TSFC_AB_sl | H1: Install_loss | I1: PA_shp_sl | J1: SFC_sl | K1: Prop_eff | L1: Prop_Dia | M1: Esb_ideal | N1: install_loss | O1: capacity_loss | P1: lifetime_loss | Q1: Esb_Real | R1: eta_b2s
A2: =Main_Input!A2 -> JetSubmersible_FW1.1 | B2: JET_LBP_Turbofan | C2: 1 | D2: 12200 | E2: 0.65 | F2: 0 | G2: 0 | H2: 0.2 | I2: 0 | J2: 0 | K2: 0 | L2: 0 | M2: 0 | N2: 0 | O2: 0 | P2: 0 | Q2: 0 | R2: 0
A3: =Main_Input!A3 -> JetSubmersible_FW1.2 | B3: JET_LBP_Turbofan | C3: 1 | D3: 12200 | E3: 0.65 | F3: 0 | G3: 0 | H3: 0.2 | I3: 0 | J3: 0 | K3: 0 | L3: 0 | M3: 0 | N3: 0 | O3: 0 | P3: 0 | Q3: 0 | R3: 0
A4: =Main_Input!A4 -> JetSubmersible_FW1.3 | B4: JET_LBP_Turbofan | C4: 1 | D4: 12200 | E4: 0.65 | F4: 0 | G4: 0 | H4: 0.2 | I4: 0 | J4: 0 | K4: 0 | L4: 0 | M4: 0 | N4: 0 | O4: 0 | P4: 0 | Q4: 0 | R4: 0
A5: =Main_Input!A5 -> JetSubmersible_FW1.4 | B5: JET_LBP_Turbofan | C5: 1 | D5: 12200 | E5: 0.65 | F5: 0 | G5: 0 | H5: 0.2 | I5: 0 | J5: 0 | K5: 0 | L5: 0 | M5: 0 | N5: 0 | O5: 0 | P5: 0 | Q5: 0 | R5: 0
A6: =Main_Input!A6 -> JetSubmersible_FW1.5 | B6: JET_LBP_Turbofan | C6: 1 | D6: 12200 | E6: 0.65 | F6: 0 | G6: 0 | H6: 0.2 | I6: 0 | J6: 0 | K6: 0 | L6: 0 | M6: 0 | N6: 0 | O6: 0 | P6: 0 | Q6: 0 | R6: 0
A7: =Main_Input!A7 -> JetSubmersible_FW2.1 | B7: JET_LBP_Turbofan | C7: 1 | D7: 12200 | E7: 0.65 | F7: 0 | G7: 0 | H7: 0.2 | I7: 0 | J7: 0 | K7: 0 | L7: 0 | M7: 0 | N7: 0 | O7: 0 | P7: 0 | Q7: 0 | R7: 0
A8: =Main_Input!A8 -> JetSubmersible_FW2.2 | B8: JET_LBP_Turbofan | C8: 1 | D8: 12200 | E8: 0.65 | F8: 0 | G8: 0 | H8: 0.2 | I8: 0 | J8: 0 | K8: 0 | L8: 0 | M8: 0 | N8: 0 | O8: 0 | P8: 0 | Q8: 0 | R8: 0
A9: =Main_Input!A9 -> JetSubmersible_FW2.3 | B9: JET_LBP_Turbofan | C9: 1 | D9: 12200 | E9: 0.65 | F9: 0 | G9: 0 | H9: 0.2 | I9: 0 | J9: 0 | K9: 0 | L9: 0 | M9: 0 | N9: 0 | O9: 0 | P9: 0 | Q9: 0 | R9: 0
A10: =Main_Input!A10 -> JetSubmersible_FW2.4 | B10: JET_LBP_Turbofan | C10: 1 | D10: 12200 | E10: 0.65 | F10: 0 | G10: 0 | H10: 0.2 | I10: 0 | J10: 0 | K10: 0 | L10: 0 | M10: 0 | N10: 0 | O10: 0 | P10: 0 | Q10: 0 | R10: 0
A11: =Main_Input!A11 -> JetSubmersible_FW2.5 | B11: JET_LBP_Turbofan | C11: 1 | D11: 12200 | E11: 0.65 | F11: 0 | G11: 0 | H11: 0.2 | I11: 0 | J11: 0 | K11: 0 | L11: 0 | M11: 0 | N11: 0 | O11: 0 | P11: 0 | Q11: 0 | R11: 0

Sheet Lists
A1: PropType | B1: ACType
A2: PROP_Fuel | B2: Jet_Fighter
A3: PROP_Electric | B3: Jet_Trainer
A4: JET_HBP_Turbofan | B4: Jet_Transport
A5: JET_LBP_Turbofan | B5: Military_Cargo/Bomber
A6: PROP_Turboprop | B6: Business_Jet
A7: PROP_Turbocharged | B7: UAV_Jet
B8: GA_Metal_Single
B9: GA_Metal_Twin
B10: GA_Composite
B11: Homebuilt_Metal/wood_Prop
B12: Homebuilt_Composite_Prop
B13: Turboprop_Transport
B14: Sailplane_Unpowered
B15: Sailplane_Powered
B16: Ag_Aircraft_Prop
B17: Aerobatic_Prop
B18: Flying_Boat_Prop
B19: UAV_Prop

Sheet Geometry Reference
